495;KO
495;KO
495;KO
495;KO
495;KO
495;KO
495;KO
495;KO
495;KO
495;KO
495;KO
495;KO
495;KO
495;KO
495;KO
495;KO
495;KO
495;KO
495;KO
495;KO
495;KO
495;KO
495;KO
495;KO
495;KO
495;KO
495;KO
495;KO
495;KO
495;KO
495;KO
495;KO
495;KO
495;KO
495;KO
495;KO
495;KO
495;KO
495;KO
495;KO
495;KO
495;KO
495;KO
495;KO
495;KO
495;KO
495;KO
495;KO
495;KO
495;KO
495;KO
495;KO
495;KO
495;KO
495;KO
495;KO
495;KO
495;KO
495;KO
495;KO
495;KO
495;KO
495;KO
495;KO
495;KO
495;KO
495;KO
495;KO
495;KO
495;KO
495;KO
495;KO
495;KO
495;KO
495;KO
495;KO
495;KO
495;KO
495;KO
495;KO
495;KO
495;KO
495;KO
495;KO
495;KO
495;KO
495;KO
495;KO
495;KO
495;KO
495;KO
495;KO
495;KO
495;KO
495;KO
495;KO
495;KO
495;KO
495;KO
495;KO
